{
  "comment": "Koordinat kantor kecamatan dari Google Maps untuk link navigasi (bukan untuk marker peta)",
  "Blubur Limbangan": [-7.0356464, 107.9837779],
  "Bl. Limbangan": [-7.0356464, 107.9837779],
  "Banyuresmi": [-7.1605287, 107.9513004],
  "Bayongbong": [-7.2709711, 107.8205276],
  "Bungbulang": [-7.4555275, 107.5985229],
  "Banjarwangi": [-7.4423884, 107.9047029],
  "Caringin": [-7.5230162, 107.4891713],
  "Cibalong": [-7.679201, 107.8038761],
  "Cibatu": [-7.1012742, 107.9838965],
  "Cibiuk": [-7.0713568, 107.9621398],
  "Cigedug": [-7.333554, 107.8059656],
  "Cihurip": [-7.4957807, 107.858259],
  "Cikajang": [-7.3571542, 107.8093587],
  "Cikelet": [-7.61841, 107.6744522],
  "Cilawu": [-7.2770004, 107.918955],
  "Cisewu": [-7.3764897, 107.4996141],
  "Cisompet": [-7.5511923, 107.8111248],
  "Cisurupan": [-7.3073023, 107.7955959],
  "Garut Kota": [-7.2142134, 107.9021882],
  "Karangpawitan": [-7.2058479, 107.9467225],
  "Wanaraja": [-7.1731873, 107.9812992],
  "Sucinaraja": [-7.189358, 107.9825908],
  "Pangatikan": [-7.1526193, 107.9920304],
  "Sukawening": [-7.1433086, 108.0085365],
  "Karangtengah": [-7.1618604, 108.0374798],
  "Kadungora": [-7.0748592, 107.8984914],
  "Kersamanah": [-7.0523913, 108.0385794],
  "Leles": [-7.1088276, 107.8984958],
  "Leuwigoong": [-7.0927536, 107.9579053],
  "Malangbong": [-7.0544766, 108.0878853],
  "Mekarmukti": [-7.5450129, 107.5697045],
  "Pakenjeng": [-7.4649272, 107.6716231],
  "Pameungpeuk": [-7.6452487, 107.7283056],
  "Pamulihan": [-7.4100251, 107.6916478],
  "Pasirwangi": [-7.21723, 107.7985157],
  "Peundeuy": [-7.5281838, 107.9191946],
  "Samarang": [-7.2165008, 107.8324636],
  "Selaawi": [-7.0101552, 108.0182526],
  "Singajaya": [-7.4843721, 107.9131748],
  "Sukaresmi": [-7.2615115, 107.8105223],
  "Talegong": [-7.2863264, 107.5281673],
  "Tarogong Kaler": [-7.1902575, 107.890284],
  "Tarogong Kidul": [-7.219759, 107.898244],
  "Dinas": [-7.2018145, 107.8852168]
}
